Url,Type,Title,Publisher Place,Publisher,Date,Authors,Volume,Language,Pages
https://www.biodiversitylibrary.org/page/52853960,Serial,Animal keepers' forum.  ,"Topeka, Kan. :",American Association of Zoo Keepers.,2012,American Association of Zoo Keepers       ,v.39:no.5 (2012),English,Page 229
https://www.biodiversitylibrary.org/page/55420310,Serial,Annales de la SocieÌÅteÌÅ botanique de Lyon.  ,Lyon :,"Henri Georg,",1891,SocieÌÅteÌÅ botanique de Lyon.       ,Annee 18 (1891-92),French,Page 63
https://www.biodiversitylibrary.org/page/55420313,Serial,Annales de la SocieÌÅteÌÅ botanique de Lyon.  ,Lyon :,"Henri Georg,",1891,SocieÌÅteÌÅ botanique de Lyon.       ,Annee 18 (1891-92),French,Page 66
https://www.biodiversitylibrary.org/page/55420424,Serial,Annales de la SocieÌÅteÌÅ botanique de Lyon.  ,Lyon :,"Henri Georg,",1891,SocieÌÅteÌÅ botanique de Lyon.       ,Annee 18 (1891-92),French,Page 177
https://www.biodiversitylibrary.org/page/55420425,Serial,Annales de la SocieÌÅteÌÅ botanique de Lyon.  ,Lyon :,"Henri Georg,",1891,SocieÌÅteÌÅ botanique de Lyon.       ,Annee 18 (1891-92),French,Page 178
https://www.biodiversitylibrary.org/page/55417992,Serial,Annales de la SocieÌÅteÌÅ botanique de Lyon.  ,Lyon :,"Henri Georg,",1898,SocieÌÅteÌÅ botanique de Lyon.       ,Tome 23 (1898),French,Page 18
https://www.biodiversitylibrary.org/page/36634305,Serial,Annuaire du Conservatoire et du jardin botaniques de GenÃ¨ve.  ,"GenÃ¨ve,",Conservatoire botanique.,1908-1911,Conservatoire et jardin botaniques de la ville de GenÃ¨ve       ,v. 11-14 (1908-1911),French,Page 236
https://www.biodiversitylibrary.org/page/36634321,Serial,Annuaire du Conservatoire et du jardin botaniques de GenÃ¨ve.  ,"GenÃ¨ve,",Conservatoire botanique.,1908-1911,Conservatoire et jardin botaniques de la ville de GenÃ¨ve       ,v. 11-14 (1908-1911),French,Page 252
https://www.biodiversitylibrary.org/page/36634803,Serial,Annuaire du Conservatoire et du jardin botaniques de GenÃ¨ve.  ,"GenÃ¨ve,",Conservatoire botanique.,1908-1911,Conservatoire et jardin botaniques de la ville de GenÃ¨ve       ,v. 11-14 (1908-1911),French,Page 458
https://www.biodiversitylibrary.org/page/42045354,Serial,"Annual report on essential oils, synthetic perfumes, &c.   ",Miltitz bei Leipzig :,"Schimmel & Co.,",1921-1922,Schimmel & Co.       ,1921-1922,English,Page 27
https://www.biodiversitylibrary.org/page/57941506,Serial,Annual technical report of the National Plant Materials Center.  ,"Beltsville, Md. :","Soil Conservation Service, U.S. Dept. of Agriculture,",1980,National Plant Materials Center (U.S.)       ,1980,English,Page 26
https://www.biodiversitylibrary.org/page/29308025,Serial,Archiv der Pharmazie.    ,Berlin :,"Deutscher Apotheker-Verein,",1835-1923,Deutscher Apotheker-Verein.       ,Bd.222 1884,German,
https://www.biodiversitylibrary.org/page/53264306,Serial,Arnoldia.  ,"Jamaica Plain, Mass.,","Arnold Arboretum, Harvard University",1979,Arnold Arboretum.       ,v.39 (1979),English,Page 241
https://www.biodiversitylibrary.org/page/41222081,Monograph/Item,Atlante botanico; secondo il sistema naturale di De Candolle; 85 tavole miniate con testo esplicativo ridotto a dizione italiana da Giovanni Briosi.  ,Milano :,"Ulrico Hoepli,",1886,"Candolle, Alphonse de,      1806 -1893",,Italian,Page 243
https://www.biodiversitylibrary.org/page/49992513,Monograph/Item,Atlas der officinellen Pflanzen .../  ,Leipzig :,"A. Felix,",1891,"Schumann, K.     (Karl) 1851 -1904",,German,Page 52
https://www.biodiversitylibrary.org/page/57263194,Serial,Australian garden history: journal of the Australian Garden History Society.  ,"[Bowral, N.S.W.] :","Australian Garden History Society,",2006,Australian Garden History Society       ,v.17:no.3 (2005-2006:Nov-Jan.),English,Page 9
https://www.biodiversitylibrary.org/page/4985674,Serial,"Beihefte zum botanischen Centralblatt. Erste Abteilung, Anatomie, Histologie, Morphologie und Physiologie der Pflanzen.",Leipzig :,"Verlag von G. Thiem,",1904,,v.31 abt. 1-2,German,Page 524
https://www.biodiversitylibrary.org/page/39585380,Monograph/Item,Bibliography of cultivated trees and shrubs hardy in the cooler temperate regions of the Northern Hemisphere.   ,"Jamaica Plain, Mass.,","Arnold Arboretum of Harvard Univ.,",1949,"Rehder, Alfred,      1863 -1949",,English,Page 587
https://www.biodiversitylibrary.org/page/5286274,Monograph/Item,Botanisches Handbuch zum Selbstunterricht fuÌˆr deutsche Liebhaber der Pflanzenkunde uÌˆberhaupt.  ,"Magdeburg,","Heinrich,",1824,"Koch, Johann Friedrich Wilhelm,      1759 -1831",th. 1,German,Page 527
https://www.biodiversitylibrary.org/page/22915531,Monograph/Item,"The British flora medica, or, History of the medicinal plants of Great Britain /  ",London :,"E. Cox,",1838,"Barton, Benjamin H.     (Benjamin Herbert)  ",2,English,Page 63
https://www.biodiversitylibrary.org/page/343042,Serial,Bulletin de la SociÃ©tÃ© botanique de France.  ,Paris :,"La SocieÌÅteÌÅ,",1913,Centre national de la recherche scientifique (France)       ,v.60 (1913),French,Page 535
https://www.biodiversitylibrary.org/page/29406691,Serial,Bulletin de la SociÃ©tÃ© botanique de France.  ,Paris :,"La SocieÌÅteÌÅ,",1922,Centre national de la recherche scientifique (France)       ,v.69 (1922),French,Page 27
https://www.biodiversitylibrary.org/page/18387125,Monograph/Item,"C. E. Hobbs Botanical hand-book of common local, English, botanical and pharmacopial names arranged in alphabetical order, of most of the crude vegetable drugs, etc., in common use. Especially designed as a reference book for druggists and apothecaries.  ","Boston,","Printed by C.C. Roberts,",1876,"Hobbs, Charles E.       ",,English,Page 185
https://www.biodiversitylibrary.org/page/38464672,Monograph/Item,"C.E. Hobbs' Botanical hand-book : of common local, English, botanical and pharmacopÅ“ial names arranged in alphabetical order, of most of the crude vegetable drugs, etc., in common use : their properties, productions and uses in an abbreviated form : especially designed as a reference book for druggists  and apothecaries /  ",Boston :,"Printed by C.C. Roberts,",1876,"Hobbs, Charles E.       ",,English,
https://www.biodiversitylibrary.org/page/49160182,Monograph/Item,"C.E. Hobb's botanical hand-book of common local, English, botanical and pharmacopoeial names arranged in alphabetical order, of most of the crude vegetable drugs, etc., in common use : especially designed as a reference book for druggists and apothecaries /  ",Boston :,"Printed by C.C. Roberts,",1876,"Hobbs, Charles E.       ",,English,
https://www.biodiversitylibrary.org/page/55233650,Monograph/Item,Carl von LinneÌÅs ungdomsskrifter /  ,Stockholm :,"P.A. Norstedt & soÌˆners,",1888,"LinneÌÅ, Carl von,      1707 -1778",v.1,Swedish,Page 167
https://www.biodiversitylibrary.org/page/41610859,Monograph/Item,A catalog of cultivated woody plants of the southeastern United States /   ,"[Washington, D.C.] :","U.S. Dept. of Agriculture, Agricultural Research Service,",1994,"Meyer, Frederick G.      1917 -2006",no.7,English,Page 122
https://www.biodiversitylibrary.org/page/54565904,Monograph/Item,A checklist of New York State plants /  ,"Albany, N.Y. :","University of the State of New York, State Education Dept.,",1985,"Mitchell, Richard Sheppard,      1938 -",no.458 (1985-1989),English,Page 136
https://www.biodiversitylibrary.org/page/6150113,Monograph/Item,"Compendium florae Germaniae. Sectio I., Plantae phanerogamicae seu vasculosae /",Norimbergae :,"J.L. Schrag,",1836,"Bluff, Matthias Joseph,      1805 -1837",pt. 2,Latin,
https://www.biodiversitylibrary.org/page/39007483,Monograph/Item,"Compendium of plant disease and decay fungi in Canada, 1960-1980 /  ",Ottawa :,"Research Branch, Agriculture Canada,",1986,"Ginns, J. H.     (James Herbert), 1938 -",,English,Page 120
https://www.biodiversitylibrary.org/page/49460300,Monograph/Item,Descriptive notes on Papuan plants  ,Melbourne :,"Government Printer,",1876,"Mueller, Ferdinand von       ",v.1:pt.1-5 (1875-1877),English,Page 40
https://www.biodiversitylibrary.org/page/46359847,Monograph/Item,"A dictionary of plant names,  ","The Hague,","M. Nijhoff,",1911,Hollandsche Maatschappij der Wetenschappen.       ,v. 1,English,Page 737
https://www.biodiversitylibrary.org/page/28118572,Monograph/Item,"Dictionnaire des jardiniers, contenant les mÃ©thodes les plus sÃ»res et les plus modernes pour cultiver et amÃ©liorer les jardins potagers, Ã  fruits, Ã  fleurs et les pÃ©pinieres ... et dans lequel on donne des prÃ©ceptes pour multiplier et faire prospÃ©rer tous les objets soumis Ã  l'agriculture, et la maniere d'employer toutes sortes de bois de charpente.  Ouvrage traduit de l'anglois, sur la huitieme edition de Philippe Miller.  Par une sociÃ©tÃ© de gens de lettres ...  ","Paris,","Guillot,",1785,"Miller, Philip,      1691 -1771",4,French,Page 375
https://www.biodiversitylibrary.org/page/48867377,Monograph/Item,The elements of materia medica and therapeutics  ,London :,"Printed for Longman, Brown, Green and Longmans,",1849,"Pereira, Jonathan,      1804 -1853",2.1,English,Page 1367
https://www.biodiversitylibrary.org/page/46922283,Monograph/Item,"EncyclopÃ_die der Naturwissenschaften. Abt. 2, T. 2, HandwÃ¶rterbuch der Pharmakognosie des Pflanzenreichs /",Breslau :,"Eduard Trewendt,",1882,"Wittstein, Georg Christian,      1810 -1887",,German,Page 477
https://www.biodiversitylibrary.org/page/24544521,Monograph/Item,"EnumeraciÃ_n de las plantas de la Peninsula Hispano-Lusitana Ã© Islas Baleares, con la distribuciÃ_n geogrÃ¡fica de las especies, y sus nombres vulgares, tanto nacionales como provinciales.    ",Madrid :,"Impr. de las Viuda Ã© Hija de Fuentenebro,",1885,"Colmeiro y Penido, Miguel,      1816 -1901",4,Spanish,Page 293
https://www.biodiversitylibrary.org/page/10539346,Monograph/Item,"Flora Aetnea, seu, Descriptio plantarum in Monte Aetna sponte nascentium /  ",Catinae :,"Ex Typis Francisci Galati,",1889,"Tornabene, Francesco,      1813 -1897",v.3,Latin,Page 179
https://www.biodiversitylibrary.org/page/304780,Monograph/Item,"Flora atlantica :sive historia plantarum quae in Atlante, agro tunetano et algeriensi crescunt /  ",Parisiis :,"L.G. Desgranges,",1798,"Desfontaines, ReneÌÅ Louiche,      1750 -1833",v. 2,Latin,Page 13
https://www.biodiversitylibrary.org/page/6101478,Monograph/Item,"Flora Atlantica, sive, Historia plantarum quae in Atlante, agro Tunetano et Algeriensi crescunt /  ",Parisiis :,"Apud Blanchon,",1800,"RedouteÌÅ, Henri Joseph.      1766 -1852",t. 2 text,Latin,Page 13
https://www.biodiversitylibrary.org/page/53308524,Monograph/Item,"Flora francica rediviva, oder KrÃ_uter-Lexicon worinnen der vornehmsten KrÃ_uter, BÃ_ume, Blumen und Wurtzeln &c. unterschiedliche Nahmen, Temperamenta, KrÃ_ffte, Nutzen, WÃ_rckungen, und Praeparata grÃ_ndlich beschrieben werden, /  ","Leipzig, 1716. :","Verlegts Johann Christian Martini, BuchhÃ_ndler in der Nicolaus-Strasse.,",1716,"Hellwig, Christoph von,      1663 -1721",,German,Page 327
https://www.biodiversitylibrary.org/page/6056021,Monograph/Item,"Flora Friburgensis et regionum proxime adjacentium,  ","Friburgi Brisgoviae,","Typis Friderici Wagner,",1825,"Spenner, F. C. L.     (Fridolin Carl Leopold), 1798 -1841",t. 1-2,Latin,Page 402
https://www.biodiversitylibrary.org/page/6148705,Monograph/Item,"Flora italiana; ossia, Descrizione delle piante che crescono spontanee o vegetano come tali in Italia e nelle isole ad essa aggiacenti; disposta secondo il metodo naturale.  ","Firenze,","Tip. Le Monnier,",1884,"Parlatore, Filippo,      1816 -1877",v.6:pt1-2 (1884-1885),Italian,Page 57
https://www.biodiversitylibrary.org/page/6032197,Monograph/Item,Flora Italica; sistens plantas in Italia et in insulis circumstantibus sponte nascentes.  ,"Bononiae,","R. Masi,",1833,"Bertoloni, Antonio,      1775 -1869",6,Latin,Page 75
https://www.biodiversitylibrary.org/page/48194440,Monograph/Item,"Flora medica a botanical account of all the more important plants used in medicine, in different parts of the world /  ",London :,"Longman, Orme, Brown, Green, and Longmans,",1838,"Lindley, John,      1799 -1865",,English,Page 485
https://www.biodiversitylibrary.org/page/22292421,Monograph/Item,Flora medica; a botanical account of all the more important plants used in medicine in different parts of the world.   ,"London,","Longman,",1838,"Lindley, John,      1799 -1865",,English,Page 485
https://www.biodiversitylibrary.org/page/5268238,Monograph/Item,"Flora medica; a botanical account of all the more important plants used in medicine, in different parts of the world.  ","London,","Longman, Orme, Brown, Green, and Longmans,",1838,"Lindley, John,      1799 -1865",,English,Page 485
https://www.biodiversitylibrary.org/page/17801960,Monograph/Item,"Flora medica; a botanical account of all the more important plants used in medicine, in different parts of the world.  ",London :,"Longman, Orme, Brown, Green, and Longmans,",1838,"Lindley, John,      1799 -1865",,English,Page 485
https://www.biodiversitylibrary.org/page/34207082,Monograph/Item,Flora Pedemontana : sive Species plantarum Phanerogamarum in Pedemonte et Liguria sponte nascentium ... /  ,Augustae Taurinorum [Torino] :,"J. Favale,",1849-1864,"Zumaglini, Antonio Mauritio,      1804 -1866",t.1-2,Latin,
https://www.biodiversitylibrary.org/page/6718715,Monograph/Item,Flora Pyrenaea per ordines naturales gradatim digesta /  ,Mediolani [Milan] :,"U. Hoeplius,",1897,"Penzig, O.     (Otto), 1856 -1929",v.1 (1897),Latin,Page 381
https://www.biodiversitylibrary.org/page/6718855,Monograph/Item,Flora Pyrenaea per ordines naturales gradatim digesta /  ,Mediolani [Milan] :,"U. Hoeplius,",1897,"Penzig, O.     (Otto), 1856 -1929",v.1 (1897),Latin,Page 521
https://www.biodiversitylibrary.org/page/6126131,Monograph/Item,Flora Romana D. Joannis Francisci Maratti ... Opus postumum nunc primum in lucem editum.  ,"Rome,","Typis J. Salviucci,",1822,"Maratti, Giovanni Francesco,       1777",t. 2,Latin,Page 14
https://www.biodiversitylibrary.org/page/22922,Serial,"Flora oder Botanische Zeitung :welche Recensionen, Abhandlungen, AufsÃ_tze, Neuigkeiten und Nachrichten, die  Botanik betreffend, enthÃ_lt /  ",Regensburg :,"Die Gesellschaft,",1826,KoÌˆnigliche Bayerische Botanische Gesellschaft zu Regensburg.       ,v.9:no.2 (1826),,Page 414
https://www.biodiversitylibrary.org/page/27077,Serial,"Flora oder Botanische Zeitung :welche Recensionen, Abhandlungen, AufsÃ_tze, Neuigkeiten und Nachrichten, die  Botanik betreffend, enthÃ_lt /  ",Regensburg :,"Die Gesellschaft,",1830,KoÌˆnigliche Bayerische Botanische Gesellschaft zu Regensburg.       ,v.13:no.2 (1830),,Page 767
https://www.biodiversitylibrary.org/page/31239,Serial,"Flora oder Botanische Zeitung :welche Recensionen, Abhandlungen, AufsÃ_tze, Neuigkeiten und Nachrichten, die  Botanik betreffend, enthÃ_lt /  ",Regensburg :,"Die Gesellschaft,",1834,KoÌˆnigliche Bayerische Botanische Gesellschaft zu Regensburg.       ,v.17:no.1 (1834),,Page 328
https://www.biodiversitylibrary.org/page/70442,Serial,"Flora oder Botanische Zeitung :welche Recensionen, Abhandlungen, AufsÃ_tze, Neuigkeiten und Nachrichten, die  Botanik betreffend, enthÃ_lt /  ",Regensburg :,"Die Gesellschaft,",1887,KoÌˆnigliche Bayerische Botanische Gesellschaft zu Regensburg.       ,v.70 (1887),,Page 544
https://www.biodiversitylibrary.org/page/70464,Serial,"Flora oder Botanische Zeitung :welche Recensionen, Abhandlungen, AufsÃ_tze, Neuigkeiten und Nachrichten, die  Botanik betreffend, enthÃ_lt /  ",Regensburg :,"Die Gesellschaft,",1887,KoÌˆnigliche Bayerische Botanische Gesellschaft zu Regensburg.       ,v.70 (1887),,Page 566
https://www.biodiversitylibrary.org/page/22622373,Monograph/Item,"Flore de France; ou, Description des plantes qui croissent spontanÃ©ment en France, en Corse et en Alsace-Lorraine par G. Rouy [et al.]  Ouvrage Ã©ditÃ© par la SociÃ©tÃ© des sciences naturelles de la Charente-InfÃ©rieure.   ",Paris,Les fils d'Emile Deyrolle,1893,"Rouy, Georges,      1851 -1924",13-Nov,French,Page 254
https://www.biodiversitylibrary.org/page/12312235,Monograph/Item,"Flore de France; ou, Description des plantes qui croissent spontanÃ©ment en France, en Corse et en Alsace-Lorraine,  ",AsniÃ¨res (Seine),G. Rouy [etc.],1893-1913,"Rouy, Georges,      1851 -1924",t.11,French,Page 254
https://www.biodiversitylibrary.org/page/12497564,Monograph/Item,"Flore des Basses-PyrÃ©nÃ©es,  ","Pau,","Imprimerie-stÃ©rÃ©otype Garet,",1909,"Bergeret, EugÃ¨ne,      1799 -1868",1909,French,Page 467
https://www.biodiversitylibrary.org/page/50110612,Monograph/Item,"Flore franÃ§aise, ou, Descriptions succinctes de toutes les plantes qui croissent naturellement en France : disposÃ©es selon une nouvelle mÃ©thode d'analyse, et prÃ©cÃ©dÃ©es par un exposÃ© des principes Ã©lÃ©mentaires de la botanique.  ",Paris :,"Desray,",1815,"Candolle, Augustin Pyramus de,      1778 -1841",t.5 (1815),French,Page 398
https://www.biodiversitylibrary.org/page/17100871,Monograph/Item,"Forest culture and eucalyptus trees,    ",San Francisco,Cubery,1876,"Mueller, Ferdinand von,   Freiherr   1825 -1896",,English,Page 322
https://www.biodiversitylibrary.org/page/17101092,Monograph/Item,"Forest culture and eucalyptus trees,    ",San Francisco,Cubery,1876,"Mueller, Ferdinand von,   Freiherr   1825 -1896",,English,Page 541
https://www.biodiversitylibrary.org/page/55136782,Serial,Garden notes : Northwest Horticultural Society.  ,"Seattle, Wash. :","Northwest Horticultural Society,",2014,Northwest Horticultural Society.       ,Summer 2014,English,Page 3
https://www.biodiversitylibrary.org/page/51493688,Monograph/Item,"The gardeners dictionary : containing the best and newest methods of cultivating and improving the kitchen, fruit, flower garden, and nursery, as also for performing the practical parts of agriculture, including the management of vineyards, with the methods of making and preserving wine, according to the present practice of the most skilful vignerons in the several wine countries in Europe, together with directions for propagating and improving, from real practice and experience, all sorts of timber trees /  ",London :,"Printed for the author and sold by John and Francis Rivington ... [and 23 others],",1768,"Miller, Philip,      1691 -1771",v.2 (1768),English,
https://www.biodiversitylibrary.org/page/51511777,Monograph/Item,"The gardeners dictionary : containing the best and newest methods of cultivating and improving the kitchen, fruit, flower garden, and nursery, as also for performing the practical parts of agriculture, including the management of vineyards, with the methods of making and preserving wine, according to the present practice of the most skilful vignerons in the several wine countries in Europe, together with directions for propagating and improving, from real practice and experience, all sorts of timber trees /  ",London :,"Printed for the author and sold by John and Francis Rivington ... [and 23 others],",1768,"Miller, Philip,      1691 -1771",v.3 (1768),English,
https://www.biodiversitylibrary.org/page/6615873,Serial,Die Gartenwelt.  ,Berlin :,"G. Schmidt,",1912,"HesdÂ©Å“rffer, Max,      1863 -1920",Jahr.16 (1912),German,Page 187
https://www.biodiversitylibrary.org/page/18866155,Monograph/Item,"A general history of the dichlamydeous plants, comprising complete descriptions of the different orders; together with the characters of the genera and species, and an enumeration of the cultivated varieties ... the scientific names accentuated, their etymologies explained; and the classes and orders illustrated by engravings, and preceded by introductions to the LinnÃ_an and natural systems, and a glossary of the terms used ...  ","London,",J.G. and F. Rivington [etc.],1831,"Don, George,      1798 -1856",4,English,Page 709
https://www.biodiversitylibrary.org/page/26133813,Monograph/Item,"A general system of gardening and botany. Founded upon Miller's Gardener's dictionary, and arranged according to the natural system.  ","London,","Printed for C. J. G. and F. Rivington,",1938,"Don, George,      1798 -1856",v.4 (1838),English,Page 709
https://www.biodiversitylibrary.org/page/49986834,Monograph/Item,"Getreue Darstellung und Beschreibung der in der Arzneykunde gebrÃ_uchlichen GewÃ_chse, wie auch Solcher, welche mit ihnen Verwechselt werden KÃ¶nnen /  ",Berlin :,"Auf Kosten Verfassers,",1805,"Brandt, Johann Friedrich,      1802 -1879",,German,
https://www.biodiversitylibrary.org/page/49988022,Monograph/Item,"Getreue Darstellung und Beschreibung der in der Arzneykunde gebrÃ_uchlichen GewÃ_chse, wie auch Solcher, welche mit ihnen Verwechselt werden KÃ¶nnen /  ",Berlin :,"Auf Kosten Verfassers,",1805,"Brandt, Johann Friedrich,      1802 -1879",,German,
https://www.biodiversitylibrary.org/page/49987102,Monograph/Item,"Getreue Darstellung und Beschreibung der in der Arzneykunde gebrÃ_uchlichen GewÃ_chse, wie auch Solcher, welche mit ihnen Verwechselt werden KÃ¶nnen /  ",Berlin :,"Auf Kosten Verfassers,",1805,"Brandt, Johann Friedrich,      1802 -1879",,German,Page 37
https://www.biodiversitylibrary.org/page/49987103,Monograph/Item,"Getreue Darstellung und Beschreibung der in der Arzneykunde gebrÃ_uchlichen GewÃ_chse, wie auch Solcher, welche mit ihnen Verwechselt werden KÃ¶nnen /  ",Berlin :,"Auf Kosten Verfassers,",1805,"Brandt, Johann Friedrich,      1802 -1879",,German,
https://www.biodiversitylibrary.org/page/51788155,Serial,Green scene /  ,"Philadelphia, PA :",Pennsylvania Horticultural Society,1981,Pennsylvania Horticultural Society.       ,v.9:no.1-6 (1980-1981),English,Page 10
https://www.biodiversitylibrary.org/page/51779775,Serial,Green scene /  ,"Philadelphia, PA :",Pennsylvania Horticultural Society,1983,Pennsylvania Horticultural Society.       ,v.12:no.1-6 (1983-1984),English,Page 18
https://www.biodiversitylibrary.org/page/51779896,Serial,Green scene /  ,"Philadelphia, PA :",Pennsylvania Horticultural Society,1984,Pennsylvania Horticultural Society.       ,v.13:no.1-6 (1984-1985),English,Page 15
https://www.biodiversitylibrary.org/page/51780037,Serial,Green scene /  ,"Philadelphia, PA :",Pennsylvania Horticultural Society,1985,Pennsylvania Horticultural Society.       ,v.13:no.1-6 (1984-1985),English,Page 12
https://www.biodiversitylibrary.org/page/51780606,Serial,Green scene /  ,"Philadelphia, PA :",Pennsylvania Horticultural Society,1987,Pennsylvania Horticultural Society.       ,v.16:no.1-6 (1987-1988),English,
https://www.biodiversitylibrary.org/page/51781142,Serial,Green scene /  ,"Philadelphia, PA :",Pennsylvania Horticultural Society,1989,Pennsylvania Horticultural Society.       ,v.18:no.1-6 (1989-1990),English,
https://www.biodiversitylibrary.org/page/51781379,Serial,Green scene /  ,"Philadelphia, PA :",Pennsylvania Horticultural Society,1990,Pennsylvania Horticultural Society.       ,v.19:no.1-6 (1990-1991),English,
https://www.biodiversitylibrary.org/page/51946330,Serial,Green scene /  ,"Philadelphia, PA :",Pennsylvania Horticultural Society,1996,Pennsylvania Horticultural Society.       ,v.25:no.1-6 (1996-1997),English,
https://www.biodiversitylibrary.org/page/51946383,Serial,Green scene /  ,"Philadelphia, PA :",Pennsylvania Horticultural Society,1996,Pennsylvania Horticultural Society.       ,v.25:no.1-6 (1996-1997),English,
https://www.biodiversitylibrary.org/page/55381139,Serial,Green thumb news  ,"[Denver, Colo. :","Educational Dept., Denver Botanic Gardens, Inc.],",1990,Denver Botanic Gardens.       ,v.28 (1990),English,Page 3
https://www.biodiversitylibrary.org/page/38900409,Monograph/Item,Guide to the Economic Museum of the New York Botanical Garden.   ,"New York,",,1921,"Rusby, Henry Hurd,      1855 -1940",,English,Page 89
https://www.biodiversitylibrary.org/page/47186302,Serial,Hamburger Garten- und Blumenzeitung.  ,Hamburg :,"R. Kittler,",1886,,Jahrg.42 (1886),German,Page 193
https://www.biodiversitylibrary.org/page/3609759,Monograph/Item,Handbuch der medicinisch-pharmaceutischen Botanik  ,Leipzig :,"Verlag von C.B. Polet,",1850,"Polet, C. B.       ",,,Page 397
https://www.biodiversitylibrary.org/page/3630125,Monograph/Item,"Handbuch der systematischen botanik, mit besonderer berÃ_cksichtigung der arzneipflanzen. Bd. 1.   ","Leipzig,","H. Haessel,",1879,"Luerssen, Christian.       ",Bd.2,German,Page 1017
https://www.biodiversitylibrary.org/page/4744014,Monograph/Item,HandwoÌˆrterbuch der Pharmakognosie des Pflanzenreichs /  ,Breslau :,"E. Trewendt,",1882,"Wittstein, Georg Christian,      1810 -1887",,,Page 477
https://www.biodiversitylibrary.org/page/32622361,Monograph/Item,"Histoire abrÃ©gÃ©e des plantes usuelles : contenant leurs diffÃ©rens noms latins, franÃ§ais et vulgaires, leurs doses, leurs principales compositions en pharmacie, et la maniÃ¨re de s'en servir /  ",A Paris :,"chez L. Duprat-Duverger,",1804,"Chomel, Pierre Jean Baptiste,      1671 -1740",1,French,Page 462
https://www.biodiversitylibrary.org/page/39347371,Monograph/Item,Histoire naturelle des principales productions de l'Europe mÃ©ridionale et particuliÃ¨rement de celles des environs de Nice et des Alpes Maritimes /  ,Paris ;,"Chez F.-G. Levrault, libraire,",1826,"Risso, A.     (Antoine), 1777 -1845",t.2 (1826),French,Page 448
https://www.biodiversitylibrary.org/page/50458927,Monograph/Item,Histoire naturelle des principales productions de l'Europe mÃ©ridionale et particuliÃ¨rement de celles des environs de Nice et des Alpes Maritimes /  ,Paris ;,"Chez F.-G. Levrault, libraire,",1826,"Risso, A.     (Antoine), 1777 -1845",t.2 (1826) [Lacks:pg.VI-VII],French,Page 448
https://www.biodiversitylibrary.org/page/36804687,,hu bei en shi yao yong zhi wu zhi æ_–åŒ—æÅ©æ–_èç¯ç”¨æ_çç‰©å¿—  ,,hu bei ke xue ji shu chu ban sheæ_–åŒ—ç§‘å__æ_€æœ¯å‡ºç‰ˆç__,2006,"Fang, Zhixian & Liao Chaolin æ–_å¿—å…ˆï_Œå»–æœùæ_—       ",xiaä¸‹,Chinese,Page 773
https://www.biodiversitylibrary.org/page/50834928,Monograph/Item,J. M. Nickell's Botanical ready reference : especially designed for druggists and physicians ... /  ,"Chicago, Ill. :","Nickell,",1881,"Nickell, J. M.       ",,English,Page 159
https://www.biodiversitylibrary.org/page/4861786,Monograph/Item,"J.M. Nickell's botanical ready reference : especially designed for druggists and physicians, containing all of the botanical drugs known up to the present time, giving their medical properties, and all of their botanical, common, pharmacopoeal and German common (in German) names /  ","Chicago, Ill. :","rev. & publ. by Murry & Nickell,",1895,"Nickell, James Madison.       ",,,Page 159
https://www.biodiversitylibrary.org/page/11439051,Monograph/Item,"J.M. Nickell's botanical ready reference : especially designed for druggists and physicians : containing all of the botanical drugs known up to the present time, giving their medical properties, and all of their botanical, common, pharmacopoeal and German common (in German) names /  ",Chicago :,"Murray & Nickell Mfg. Co.,",1911,"Nickell, James Madison.       ",,English,Page 159
https://www.biodiversitylibrary.org/page/8370036,Serial,Journal of the Arnold Arboretum.  ,"Cambridge, Mass. :","Arnold Arboretum, Harvard University [etc.],",1939,Arnold Arboretum.       ,v.20 (1939),,Page 426
https://www.biodiversitylibrary.org/page/31150778,Serial,Journal of the New York Botanical Garden.  ,"Lancaster, Pa. :","Published for the Garden by the New Era Printing Co.,",1915,New York Botanical Garden.       ,v. 15-16 (1914-1915),English,Page 168
https://www.biodiversitylibrary.org/page/31156137,Serial,Journal of the New York Botanical Garden.  ,"Lancaster, Pa. :","Published for the Garden by the New Era Printing Co.,",1929,New York Botanical Garden.       ,v. 30 & Index v. 16-30 (1929),English,Page 393
https://www.biodiversitylibrary.org/page/46409411,Serial,Journal of the Royal Horticultural Society of London.  ,London,Printed for the Royal Horticultural Society by Spottiswoode & Co.,1909-1910,Horticultural Society of London.       ,new ser.:v.35 (1909-1910),English,Page 374
https://www.biodiversitylibrary.org/page/303336,Monograph/Item,"KoÌˆhler's Medizinal-Pflanzen in naturgetreuen Abbildungen mit kurz erlaÌˆuterndem Texte : Atlas zur Pharmacopoea germanica, austriaca, belgica, danica, helvetica, hungarica, rossica, suecica, Neerlandica, British pharmacopoeia, zum Codex medicamentarius, sowie zur Pharmacopoeia of the United States of America /  ",Gera-Untermhaus :,"Fr. Eugen KÃ¶hler,",1887,"Brandt, Wilhelm,      1879 -1929",v.1,,
https://www.biodiversitylibrary.org/page/303490,Monograph/Item,"KoÌˆhler's Medizinal-Pflanzen in naturgetreuen Abbildungen mit kurz erlaÌˆuterndem Texte : Atlas zur Pharmacopoea germanica, austriaca, belgica, danica, helvetica, hungarica, rossica, suecica, Neerlandica, British pharmacopoeia, zum Codex medicamentarius, sowie zur Pharmacopoeia of the United States of America /  ",Gera-Untermhaus :,"Fr. Eugen KÃ¶hler,",1887,"Brandt, Wilhelm,      1879 -1929",v.1,,
https://www.biodiversitylibrary.org/page/302624,Monograph/Item,"KoÌˆhler's Medizinal-Pflanzen in naturgetreuen Abbildungen mit kurz erlaÌˆuterndem Texte : Atlas zur Pharmacopoea germanica, austriaca, belgica, danica, helvetica, hungarica, rossica, suecica, Neerlandica, British pharmacopoeia, zum Codex medicamentarius, sowie zur Pharmacopoeia of the United States of America /  ",Gera-Untermhaus :,"Fr. Eugen KÃ¶hler,",1890,"Brandt, Wilhelm,      1879 -1929",v.2,,Page 27
https://www.biodiversitylibrary.org/page/51489420,Monograph/Item,"Leerboek tot de kennis der artsenijgewassen, derzelver zamenstelling, krachten, gebruik en pharmaceutische bereidingen /  ",Amsterdam :,"C.G. Sulpke,",1838,"Miquel, F.A.W.     (Friedrich Anton Wilhelm), 1811 -1871",,Dutch,Page 355
https://www.biodiversitylibrary.org/page/35875187,Monograph/Item,Lehrbuch der Pharmakognosie des Pflanzenreiches : Naturgeschichte der wichtigeren Arzneistoffe vegetabilischen Ursprunges /  ,Berlin :,"R. Gaertner,",1867,"FluÌˆckiger, Friedrich A.     (Friedrich August), 1828 -1894",,German,Page 735
https://www.biodiversitylibrary.org/page/50489275,Monograph/Item,Lehrbuch der Pharmakognosie des Pflanzenreiches : Naturgeschichte der wichtigeren Arzneistoffe vegetabilischen Ursprunges /  ,Berlin :,"R. Gaertner,",1867,"FluÌˆckiger, Friedrich A.     (Friedrich August), 1828 -1894",,German,Page 551
https://www.biodiversitylibrary.org/page/50489459,Monograph/Item,Lehrbuch der Pharmakognosie des Pflanzenreiches : Naturgeschichte der wichtigeren Arzneistoffe vegetabilischen Ursprunges /  ,Berlin :,"R. Gaertner,",1867,"FluÌˆckiger, Friedrich A.     (Friedrich August), 1828 -1894",,German,Page 735
https://www.biodiversitylibrary.org/page/35382806,Serial,Linnaea : Ein Journal fÃ_r die Botanik in ihrem ganzen Umfange.  ,Berlin :,"F. DÃ_mmler,",1848,"Schlechtendal, D. F. L. von     (Diedrich Franz Leonhard von), 1794 -1866",v.21 (1848),,Page 49
https://www.biodiversitylibrary.org/page/57928182,Serial,List of intercepted plant pests /  ,"[Washington, D.C. :","U.S. G.P.O.],",1984,United States.  Agricultural Research Service.     ,1984,English,Page 185
https://www.biodiversitylibrary.org/page/57928186,Serial,List of intercepted plant pests /  ,"[Washington, D.C. :","U.S. G.P.O.],",1984,United States.  Agricultural Research Service.     ,1984,English,Page 189
https://www.biodiversitylibrary.org/page/34665559,Serial,Malpighia :rassegna mensuale di botanica.  ,Messina :||Genova :,"g. Capra &amp; co.,||Tip. di A. Ciminago,",1899-1900,"Penzig, O.     (Otto), 1856 -1929",v.13 (1899-1900),Italian,Page 478
https://www.biodiversitylibrary.org/page/10555927,Monograph/Item,"Manuel de l'acclimateur, ou, Choix de plantes recommandÃ©es pour l'agriculture, l'industrie et la mÃ©decine, et adaptÃ©es aux divers climate de l'Europe et des pays tropicaux /  ",Paris :,"SociÃ©tÃ© d'aAcclimatation,",1887,"Naudin, Charles,      1815 -1899",Choix de plantes recommandÃ©es pour l'agriculture,French,Page 332
https://www.biodiversitylibrary.org/page/9178301,Monograph/Item,"Medical botany : containing systematic and general descriptions, with plates of all the medicinal plants, comprehended in the catalogues of the materia medica, as published by the Royal Colleges of Physicians of London, Edinburgh, and Dublin, together with the principal medicinal plants not included in those pharmocopoeias, accompanied with a circumstantial detail of their medicinal effects, and of the diseases in which they have been most successfully employed /  ",London :,"J. Bohn,",1832,"Hooker, William Jackson,   Sir,   1785 -1865",v. 2,,Page 321
https://www.biodiversitylibrary.org/page/24225981,Monograph/Item,"Medicinal plants. Being descriptions with original figures of the principal plants employed in medicine and an account of the characters, properties, and uses of their parts and products of medicinal value.  ","London,","J. & A. Churchill,",1880,"Trimen, Henry,      1843 -1896",1,English,
https://www.biodiversitylibrary.org/page/4858106,Monograph/Item,"Medicinalflora : eine EinfÃ_hrung in die allgemeine und angewandte Morphologie und Systematik der Pflanzen, mit besonderer RÃ_cksicht auf das Selbststudium fÃ_r Pharmaceuten, Mediciner und Studirende /  ",Berlin :,"J. Springer,",1890,"MuÌˆller, Carl,      1855 -1907",,,Page 510
https://www.biodiversitylibrary.org/page/55659884,Serial,Minnesota plant press : newsletter of the Minnesota Native Plant Society.  ,"St. Paul, Minn. :","Minnesota Native Plant Society,",2009,Minnesota Native Plant Society.       ,v.28 (2009),English,Page 4
https://www.biodiversitylibrary.org/page/55092735,Serial,"Mountain, plain and garden : the magazine of Denver Botanic Gardens.  ","Denver, Colo. :","The Gardens,",1990,Denver Botanic Gardens.       ,v.47-52 (1990-1995),English,Page 27
https://www.biodiversitylibrary.org/page/55092739,Serial,"Mountain, plain and garden : the magazine of Denver Botanic Gardens.  ","Denver, Colo. :","The Gardens,",1990,Denver Botanic Gardens.       ,v.47-52 (1990-1995),English,Page 31
https://www.biodiversitylibrary.org/page/55092759,Serial,"Mountain, plain and garden : the magazine of Denver Botanic Gardens.  ","Denver, Colo. :","The Gardens,",1990,Denver Botanic Gardens.       ,v.47-52 (1990-1995),English,Page 3
https://www.biodiversitylibrary.org/page/55092895,Serial,"Mountain, plain and garden : the magazine of Denver Botanic Gardens.  ","Denver, Colo. :","The Gardens,",1990,Denver Botanic Gardens.       ,v.47-52 (1990-1995),English,Page 21
https://www.biodiversitylibrary.org/page/55093913,Serial,"Mountain, plain and garden : the magazine of Denver Botanic Gardens.  ","Denver, Colo. :","The Gardens,",1996,Denver Botanic Gardens.       ,v.53-54 (1996-1997),English,Page 19
https://www.biodiversitylibrary.org/page/55084623,Serial,"Mountain, plain and garden : the magazine of Denver Botanic Gardens.  ","Denver, Colo. :","The Gardens,",1998,Denver Botanic Gardens.       ,v.55-57 (1998-2000),English,Page 13
https://www.biodiversitylibrary.org/page/55084621,Serial,"Mountain, plain and garden : the magazine of Denver Botanic Gardens.  ","Denver, Colo. :","The Gardens,",1998,Denver Botanic Gardens.       ,v.55-57 (1998-2000),English,Page 15
https://www.biodiversitylibrary.org/page/55084761,Serial,"Mountain, plain and garden : the magazine of Denver Botanic Gardens.  ","Denver, Colo. :","The Gardens,",1998,Denver Botanic Gardens.       ,v.55-57 (1998-2000),English,Page 48
https://www.biodiversitylibrary.org/page/55084818,Serial,"Mountain, plain and garden : the magazine of Denver Botanic Gardens.  ","Denver, Colo. :","The Gardens,",1998,Denver Botanic Gardens.       ,v.55-57 (1998-2000),English,Page 39
https://www.biodiversitylibrary.org/page/685592,Monograph/Item,"Nomenclator botanicus :enumerans ordine alphabetico nomina atque synonyma, tum generica tum specifica, et a Linnaeo et recentioribus de re botanica scriptoribus plantis phanerogamis imposita /  ",Stuttgartiae ;||Tubingae :,"Sumptibus J.G. Cottae,",1821,"Steudel, Ernst Gottlieb,      1783 -1856",v.1,Latin,Page 467
https://www.biodiversitylibrary.org/page/392094,Monograph/Item,"Nomenclator botanicus, seu, Synonymia plantarum universalis :enumerans ordine alphabetico nomina atque synonyma, tum generica tum specifica, et a Linnaeo et a recentioribus de re botanica scriptoribus plantis phanerogamis imposita /  ",Stuttgartiae ;||Tubingae :,"typis et sumptibus J.G. Cottae,",1841,"Steudel, Ernst Gottlieb,      1783 -1856",v.1-2,Latin,Page 17
https://www.biodiversitylibrary.org/page/44062774,Serial,Nota lepidopterologica.  ,Bonn.,,1979,Societas Europaea Lepidopterologica       ,v.2:no.1-4 (1979),German,Page 22
https://www.biodiversitylibrary.org/page/19227609,Serial,Plantsman.  ,"Durham, N.H. : New Hampshire Plant Growers' Association,",,1999,New Hampshire Plant Growers' Association.       ,1999:Apr.-May,English,Page 28
https://www.biodiversitylibrary.org/page/56562977,Monograph/Item,Die officinellen Pflanzen der Pharmacopoea Germanica fuÌˆr Pharmaceuten und Mediciner besprochen und durch Originalabbildungen erlaÌˆutert.  ,"Leipzig,","Barth,",1895,"Kohl, Friedrich Georg,      1865 -",,German,Page 188
https://www.biodiversitylibrary.org/page/13036819,Monograph/Item,The organic constituents of plants and vegetable substances and their chemical analysis /  ,Melbourne :,"MCarron, Bird & Co.,",1878,"Wittstein, Georg Christian,      1810 -1887",,English,Page 151
https://www.biodiversitylibrary.org/page/13036937,Monograph/Item,The organic constituents of plants and vegetable substances and their chemical analysis /  ,Melbourne :,"MCarron, Bird & Co.,",1878,"Wittstein, Georg Christian,      1810 -1887",,English,Page 269
https://www.biodiversitylibrary.org/page/56147062,Serial,The Pan-Pacific entomologist.  ,San Francisco :,Pacific Coast Entomological Society,1995,California Academy of Sciences.       ,v.71:no.3 (1995),English,Page 194
https://www.biodiversitylibrary.org/page/55315128,Serial,Pharmaceutical journal and transactions.  ,London :,"J. & A. Churchill,",1864,Pharmaceutical Society of Great Britain       ,ser.2:v.6 (1864-1865),English,Page 555
https://www.biodiversitylibrary.org/page/4866171,Monograph/Item,"Pharmakognosie :ein Lehr- und Handbuch fÃ_r Studierende, Apotheker, Drogisten, SanitÃ_tsbeamte und Aerzte /  ",Wien :,"C. Gerold's Sohn,",1892,"Vogl, A. E.      1833 -1909",,,Page 676
https://www.biodiversitylibrary.org/page/49121760,Serial,Phegea.  ,Antwerpen :,Vlaamse Vereniging voor Entomologie,2012,Vlaamse Vereniging voor Entomologie.       ,Jahrg.40:nr.1a (2012),Dutch,Page 12
https://www.biodiversitylibrary.org/page/51834689,Serial,PHS news /  ,"[Philadelphia, PA] :",The Society,1984,Pennsylvania Horticultural Society.       ,v.24-26 (1983-1985),English,Page 4
https://www.biodiversitylibrary.org/page/46547798,Serial,Phytoneuron  ,"Fort Worth, TX :",Guy L. Nesom,2014,,2014-98,English,Page 5
https://www.biodiversitylibrary.org/page/55338372,Monograph/Item,Plant care.  ,"Newton, CT :","Taunton Press,",1994,,,English,Page 66
https://www.biodiversitylibrary.org/page/41624610,Serial,Plant inventory; plant material introduced.  ,"Washington, D.C.,",United States Department of Agriculture.,1898-1905,"Agricultural Research Center (Beltsville, Md.)       ",no.1-10 (1898-1905),English,Page 28
https://www.biodiversitylibrary.org/page/41624643,Serial,Plant inventory; plant material introduced.  ,"Washington, D.C.,",United States Department of Agriculture.,1898-1905,"Agricultural Research Center (Beltsville, Md.)       ",no.1-10 (1898-1905),English,Page 61
https://www.biodiversitylibrary.org/page/11442870,Monograph/Item,"Plant names, scientific and popular, including in the case of each plant the correct botanical name in accordance with the reformed nomenclature, together with botanical and popular synonyms ...  ","Detroit,","Nelson, Baker & Co.,",1900,"Lyons, A. B.     (Albert Brown), 1841 -1926",,English,Page 216
https://www.biodiversitylibrary.org/page/42161833,Monograph/Item,Les plantes industrielles /   ,Paris :,"L. Hachette,",1859,"HeuzeÌÅ, Gustave,      1816 -1907",v.2,French,Page 397
https://www.biodiversitylibrary.org/page/54623157,Serial,Plants & gardens.  ,"[Brooklyn, N.Y. :","Brooklyn Botanic Garden,",1973,Brooklyn Botanic Garden.       ,v.29 (1973-1974),English,Page 23
https://www.biodiversitylibrary.org/page/54611765,Serial,Plants & gardens.  ,"[Brooklyn, N.Y. :","Brooklyn Botanic Garden,",1978,Brooklyn Botanic Garden.       ,v.34 (1978-1979),English,Page 36
https://www.biodiversitylibrary.org/page/54611995,Serial,Plants & gardens.  ,"[Brooklyn, N.Y. :","Brooklyn Botanic Garden,",1978,Brooklyn Botanic Garden.       ,v.34 (1978-1979),English,Page 81
https://www.biodiversitylibrary.org/page/54611996,Serial,Plants & gardens.  ,"[Brooklyn, N.Y. :","Brooklyn Botanic Garden,",1978,Brooklyn Botanic Garden.       ,v.34 (1978-1979),English,Page 82
https://www.biodiversitylibrary.org/page/54611997,Serial,Plants & gardens.  ,"[Brooklyn, N.Y. :","Brooklyn Botanic Garden,",1978,Brooklyn Botanic Garden.       ,v.34 (1978-1979),English,Page 83
https://www.biodiversitylibrary.org/page/54624401,Serial,Plants & gardens.  ,"[Brooklyn, N.Y. :","Brooklyn Botanic Garden,",1979,Brooklyn Botanic Garden.       ,v.35 (1979-1980),English,Page 7
https://www.biodiversitylibrary.org/page/54630317,Serial,Plants & gardens.  ,"[Brooklyn, N.Y. :","Brooklyn Botanic Garden,",1980,Brooklyn Botanic Garden.       ,v.36 (1980-1981),English,Page 35
https://www.biodiversitylibrary.org/page/54623546,Serial,Plants & gardens.  ,"[Brooklyn, N.Y. :","Brooklyn Botanic Garden,",1983,Brooklyn Botanic Garden.       ,v.39 (1983-1984),English,Page 32
https://www.biodiversitylibrary.org/page/54616869,Serial,Plants & gardens.  ,"[Brooklyn, N.Y. :","Brooklyn Botanic Garden,",1988,Brooklyn Botanic Garden.       ,v.44 (1988-1989),English,
https://www.biodiversitylibrary.org/page/54616871,Serial,Plants & gardens.  ,"[Brooklyn, N.Y. :","Brooklyn Botanic Garden,",1988,Brooklyn Botanic Garden.       ,v.44 (1988-1989),English,
https://www.biodiversitylibrary.org/page/54618688,Serial,Plants & gardens.  ,"[Brooklyn, N.Y. :","Brooklyn Botanic Garden,",1989,Brooklyn Botanic Garden.       ,v.45 (1989-1990),English,
https://www.biodiversitylibrary.org/page/54618737,Serial,Plants & gardens.  ,"[Brooklyn, N.Y. :","Brooklyn Botanic Garden,",1989,Brooklyn Botanic Garden.       ,v.45 (1989-1990),English,
https://www.biodiversitylibrary.org/page/54618800,Serial,Plants & gardens.  ,"[Brooklyn, N.Y. :","Brooklyn Botanic Garden,",1989,Brooklyn Botanic Garden.       ,v.45 (1989-1990),English,Page 50
https://www.biodiversitylibrary.org/page/54618832,Serial,Plants & gardens.  ,"[Brooklyn, N.Y. :","Brooklyn Botanic Garden,",1989,Brooklyn Botanic Garden.       ,v.45 (1989-1990),English,Page 82
https://www.biodiversitylibrary.org/page/54625491,Serial,Plants & gardens.  ,"[Brooklyn, N.Y. :","Brooklyn Botanic Garden,",1990,Brooklyn Botanic Garden.       ,v.46 (1990),English,Page 47
https://www.biodiversitylibrary.org/page/54615925,Serial,Plants & gardens.  ,"[Brooklyn, N.Y. :","Brooklyn Botanic Garden,",1991,Brooklyn Botanic Garden.       ,v.47 (1991),English,Page 9
https://www.biodiversitylibrary.org/page/54615987,Serial,Plants & gardens.  ,"[Brooklyn, N.Y. :","Brooklyn Botanic Garden,",1991,Brooklyn Botanic Garden.       ,v.47 (1991),English,Page 71
https://www.biodiversitylibrary.org/page/54629731,Serial,Plants & gardens.  ,"[Brooklyn, N.Y. :","Brooklyn Botanic Garden,",1992,Brooklyn Botanic Garden.       ,v.48 (1992),English,Page 23
https://www.biodiversitylibrary.org/page/31344282,Monograph/Item,"A practical guide to garden plants, containing descriptions of the hardiest and most beautiful annuals and biennials, hardy herbaceous and bulbous perennials, hardy water and bog plants, flowering and ornamental trees and shrubs, conifers; hardy ferns; hardy bamboos and other ornamental grasses. Also the best kinds of fruits and vegetables that may be grown in the open air in the British Isles with full and practical instruction as to culture and propagation.  ",London;,"Longmans, Green,",1901,"Weathers, John,      1867 -",,English,Page 743
https://www.biodiversitylibrary.org/page/38344422,Monograph/Item,"A practical guide to garden plants, containing descriptions of the hardiest and most beautiful annuals and biennials, hardy herbaceous and bulbous perennials, hardy water and bog plants, flowering and ornamental trees and shrubs, conifers; hardy ferns; hardy bamboos and other ornamental grasses. Also the best kinds of fruits and vegetables that may be grown in the open air in the British Isles with full and practical instruction as to culture and propagation.  ",London;,"Longmans, Green,",1901,"Weathers, John,      1867 -1928",,English,
https://www.biodiversitylibrary.org/page/50514780,Serial,"Proceedings of the Zoological and Acclimatisation Society of Victoria, and report of the annual meeting of the society.  ",Melbourne :,"F. A. Masterman,",1872,Zoological and Acclimatisation Society of Victoria.       ,v.1 (1872),English,Page 315
https://www.biodiversitylibrary.org/page/160369,Monograph/Item,"Prodromus systematis naturalis regni vegetabilis, sive, Enumeratio contracta ordinum generum specierumque plantarum huc usque cognitarium, juxta methodi naturalis, normas digesta  ",Parisii :,"Sumptibus Sociorum Treuttel et WuÌˆrtz,",1848,"Candolle, Augustin Pyramus de,      1778 -1841",v.12 (1848),Latin,Page 145
https://www.biodiversitylibrary.org/page/49428600,Monograph/Item,"Prof. Dr. ThomeÌÅ's Flora von Deutschland, OÌˆsterreich und der Schweiz, in Wort und Bild, fuÌˆr Schule und Haus ; mit ... Tafeln ... von Walter MuÌˆller.  ",Gera-Untermhaus :,"F.E. KoÌˆhler,",1889,"Migula, Walter,      1863 -1938",Bd.4 [1889],German,Page 138
https://www.biodiversitylibrary.org/page/25283690,Monograph/Item,"Prof. Dr. ThomeÌÅ's Flora von Deutschland, OÌˆsterreich und der Schweiz, in Wort und Bild, fuÌˆr Schule und Haus ; mit ... Tafeln ... von Walter MuÌˆller.  ",Gera-Untermhaus :,"F.E. KoÌˆhler,",1905,"Migula, Walter,      1863 -1938",Bd.4 (1905),German,Page 95
https://www.biodiversitylibrary.org/page/12308360,Monograph/Item,"Prof. Dr. ThomeÌÅ's Flora von Deutschland, OÌˆsterreich und der Schweiz, in Wort und Bild, fuÌˆr Schule und Haus ; mit ... Tafeln ... von Walter MuÌˆller.  ",Gera-Untermhaus :,"F.E. KoÌˆhler,",1905,"Migula, Walter,      1863 -1938",Bd.4 (1905),German,Page 95
https://www.biodiversitylibrary.org/page/53086341,Serial,Psyche.  ,"Cambridge, Mass. :",Cambridge Entomological Club,2014,Cambridge Entomological Club.       ,2014,English,
https://www.biodiversitylibrary.org/page/53086430,Serial,Psyche.  ,"Cambridge, Mass. :",Cambridge Entomological Club,2014,Cambridge Entomological Club.       ,2014,English,Page 1
https://www.biodiversitylibrary.org/page/53086431,Serial,Psyche.  ,"Cambridge, Mass. :",Cambridge Entomological Club,2014,Cambridge Entomological Club.       ,2014,English,Page 2
https://www.biodiversitylibrary.org/page/53086432,Serial,Psyche.  ,"Cambridge, Mass. :",Cambridge Entomological Club,2014,Cambridge Entomological Club.       ,2014,English,Page 3
https://www.biodiversitylibrary.org/page/53086433,Serial,Psyche.  ,"Cambridge, Mass. :",Cambridge Entomological Club,2014,Cambridge Entomological Club.       ,2014,English,Page 4
https://www.biodiversitylibrary.org/page/53086434,Serial,Psyche.  ,"Cambridge, Mass. :",Cambridge Entomological Club,2014,Cambridge Entomological Club.       ,2014,English,Page 5
https://www.biodiversitylibrary.org/page/53661439,Serial,Western Australian Herbarium Research Notes  ,"[South Perth, W.A.] :","Western Australian Herbarium,",1981,"Western Australia.  Department of Biodiversity, Conservation and Attractions     ",no.5 (1981:Jul.),English,Page 127
https://www.biodiversitylibrary.org/page/54594528,Monograph/Item,Revised checklist of New York State plants /  ,"Albany, N.Y. :","University of the State of New York, State Education Dept.,",1996,"Mitchell, Richard Sheppard,      1938 -",no.490 (1996-1998),English,Page 199
https://www.biodiversitylibrary.org/page/636343,Monograph/Item,Rhodora  ,"[Cambridge, Mass., etc.]",New England Botanical Club [etc.],2001,"Robinson, Benjamin Lincoln,      1864 -1935",Index v.76-100 (2001),,Page 102
https://www.biodiversitylibrary.org/page/46796190,Monograph/Item,Die Rohstoffe des Pflanzenreiches versuch einer technischen Rohstofflehre des Pflanzenreiches /  ,Leipzig :,"W. Engelmann,",1873,"Wiesner, Julius,   Ritter von,   1838 -1916",,German,Page 840
https://www.biodiversitylibrary.org/page/50161311,Monograph/Item,"Select extra-tropical plants : readily eligible for industrial culture or naturalization, with indications of their native countries and some of their uses /  ",Melbourne :,"J. Ferres,",1885,"Mueller, Ferdinand von,   Freiherr   1825 -1896",,English,
https://www.biodiversitylibrary.org/page/50161550,Monograph/Item,"Select extra-tropical plants : readily eligible for industrial culture or naturalization, with indications of their native countries and some of their uses /  ",Melbourne :,"J. Ferres,",1885,"Mueller, Ferdinand von,   Freiherr   1825 -1896",,English,
https://www.biodiversitylibrary.org/page/50161568,Monograph/Item,"Select extra-tropical plants : readily eligible for industrial culture or naturalization, with indications of their native countries and some of their uses /  ",Melbourne :,"J. Ferres,",1885,"Mueller, Ferdinand von,   Freiherr   1825 -1896",,English,
https://www.biodiversitylibrary.org/page/20104394,Monograph/Item,"Select extra-tropical plants readily eligible for industrial culture or naturalisation, with indications of their native countries and some of their uses.  ","Calcutta,","Off. of the superintendent of government printing,",1880,"Mueller, Ferdinand von,   Freiherr   1825 -1896",,English,Page 166
https://www.biodiversitylibrary.org/page/37308360,Monograph/Item,"Select extra-tropical plants readily eligible for industrial culture or naturalisation, with indications of their native countries and some of their uses.  ","Calcutta,","Off. of the Superintendent of Government Printing,",1880,"Mueller, Ferdinand von,   Freiherr   1825 -1896",,English,
https://www.biodiversitylibrary.org/page/33277678,Monograph/Item,"Select extra-tropical plants readily eligible for industrial culture or naturalization, with indications of their native countries and some of their uses.  ","Detroit, Mich.,","G.S. Davis,",1884,"Mueller, Ferdinand von,   Freiherr   1825 -1896",,English,Page 193
https://www.biodiversitylibrary.org/page/20700803,Monograph/Item,Select extra-tropical plants readily eligible for industrial culture or naturalisation with indications of their native countries and some of their uses /  ,"Melbourne : R. S. Brain, govt. printer,",,1895,"Mueller, Ferdinand von,   Freiherr   1825 -1896",,English,Page 280
https://www.biodiversitylibrary.org/page/20104663,Monograph/Item,"Select extra-tropical plants readily eligible for industrial culture or naturalisation, with indications of their native countries and some of their uses.  ","Calcutta,","Off. of the superintendent of government printing,",1880,"Mueller, Ferdinand von,   Freiherr   1825 -1896",,English,Page 379
https://www.biodiversitylibrary.org/page/33277911,Monograph/Item,"Select extra-tropical plants readily eligible for industrial culture or naturalization, with indications of their native countries and some of their uses.  ","Detroit, Mich.,","G.S. Davis,",1884,"Mueller, Ferdinand von,   Freiherr   1825 -1896",,English,Page 426
https://www.biodiversitylibrary.org/page/20700472,Monograph/Item,Select extra-tropical plants readily eligible for industrial culture or naturalisation with indications of their native countries and some of their uses /  ,Melbourne :,"C. Troedel and Co.,",1891,"Mueller, Ferdinand von,   Freiherr   1825 -1896",,English,Page 575
https://www.biodiversitylibrary.org/page/20701137,Monograph/Item,Select extra-tropical plants readily eligible for industrial culture or naturalisation with indications of their native countries and some of their uses /  ,"Melbourne : R. S. Brain, govt. printer,",,1895,"Mueller, Ferdinand von,   Freiherr   1825 -1896",,English,Page 614
https://www.biodiversitylibrary.org/page/20701158,Monograph/Item,Select extra-tropical plants readily eligible for industrial culture or naturalisation with indications of their native countries and some of their uses /  ,"Melbourne : R. S. Brain, govt. printer,",,1895,"Mueller, Ferdinand von,   Freiherr   1825 -1896",,English,Page 635
https://www.biodiversitylibrary.org/page/20701169,Monograph/Item,Select extra-tropical plants readily eligible for industrial culture or naturalisation with indications of their native countries and some of their uses /  ,"Melbourne : R. S. Brain, govt. printer,",,1895,"Mueller, Ferdinand von,   Freiherr   1825 -1896",,English,Page 646
https://www.biodiversitylibrary.org/page/20105774,Monograph/Item,Select extra-tropical plants readily eligible for Victorian industrial culture or naturalisation with indications of their native countries and some of their uses /  ,Melbourne :,"J. Ferres,",1885,"Mueller, Ferdinand von,   Freiherr   1825 -1896",,English,Page 435
https://www.biodiversitylibrary.org/page/20105795,Monograph/Item,Select extra-tropical plants readily eligible for Victorian industrial culture or naturalisation with indications of their native countries and some of their uses /  ,Melbourne :,"J. Ferres,",1885,"Mueller, Ferdinand von,   Freiherr   1825 -1896",,English,Page 453
https://www.biodiversitylibrary.org/page/20658767,Monograph/Item,"Select extra-tropical plants, readily eligible for industrial culture or naturalisation, with indications of their native countries and some of their uses.  ","Sydney,","T. Richards, government printer,",1881,"Mueller, Ferdinand von,   Freiherr   1825 -1896",,English,Page 174
https://www.biodiversitylibrary.org/page/20658975,Monograph/Item,"Select extra-tropical plants, readily eligible for industrial culture or naturalisation, with indications of their native countries and some of their uses.  ","Sydney,","T. Richards, government printer,",1881,"Mueller, Ferdinand von,   Freiherr   1825 -1896",,English,Page 382
https://www.biodiversitylibrary.org/page/43017920,Monograph/Item,"Select plants readily eligible for industrial culture or naturalisation in Victoria,   ","Melbourne,","Printed for the government of Victoria by McCarron, Bird & co.,",1876,"Mueller, Ferdinand von,   Freiherr   1825 -1896",,English,Page 115
https://www.biodiversitylibrary.org/page/36797766,,sheng tai hua xue qian yan  ,,gao deng jiao yu chu ban she,2010,kong chui hua lou yong gen       ,,Chinese,Page 138
https://www.biodiversitylibrary.org/page/36798088,,sheng tai hua xue qian yan  ,,gao deng jiao yu chu ban she,2010,kong chui hua lou yong gen       ,,Chinese,Page 460
https://www.biodiversitylibrary.org/page/56040700,Serial,Southeastern biology  ,"Burlington, NC :","Association of Southeastern Biologists,",2006,Association of Southeastern Biologists.       ,v.53:no.2 (2006),English,Page 178
https://www.biodiversitylibrary.org/page/19620141,Monograph/Item,"The standard cyclopedia of horticulture; a discussion, for the amateur, and the professional and commercial grower, of the kinds, characteristics and methods of cultivation of the species of plants grown in the regions of the United States and Canada for ornament, for fancy, for fruit and for vegetables; with keys to the natural families and genera, descriptions of the horticultural capabilities of the states and provinces and dependent islands, and sketches of eminent horticulturists.  ","New York,","Macmillan,",1919,"Bailey, L. H.     (Liberty Hyde), 1858 -1954",2,English,
https://www.biodiversitylibrary.org/page/19620483,Monograph/Item,"The standard cyclopedia of horticulture; a discussion, for the amateur, and the professional and commercial grower, of the kinds, characteristics and methods of cultivation of the species of plants grown in the regions of the United States and Canada for ornament, for fancy, for fruit and for vegetables; with keys to the natural families and genera, descriptions of the horticultural capabilities of the states and provinces and dependent islands, and sketches of eminent horticulturists.  ","New York,","Macmillan,",1919,"Bailey, L. H.     (Liberty Hyde), 1858 -1954",2,English,Page 911
https://www.biodiversitylibrary.org/page/19623482,Monograph/Item,"The standard cyclopedia of horticulture; a discussion, for the amateur, and the professional and commercial grower, of the kinds, characteristics and methods of cultivation of the species of plants grown in the regions of the United States and Canada for ornament, for fancy, for fruit and for vegetables; with keys to the natural families and genera, descriptions of the horticultural capabilities of the states and provinces and dependent islands, and sketches of eminent horticulturists.  ","New York,","Macmillan,",1919,"Bailey, L. H.     (Liberty Hyde), 1858 -1954",6,English,Page 3626
https://www.biodiversitylibrary.org/page/23621780,Monograph/Item,"A supplement to the Pharmacopia, and treatise on pharmacology in general : including not only the drugs and preparations used by practitioners of medicine, but also most of those employed in the chemical arts : together with a collection of the most useful medical formulÃ_ ... /  ",London :,"Longman, Rees, Orme, Brown, Green, and Longman,",1836,"Gray, Samuel Frederick,      1766 -1828",,English,Page 46
https://www.biodiversitylibrary.org/page/48008191,Monograph/Item,"A supplement to the pharmacopoeia being a treatise on pharmacology in general; including not only the drugs and compounds which are used by practitioners of medicine, but also those which are sold by chemists, druggists, and herbalists, for other purposes; together with a collection of the most useful medical formulÃ_ ; an explanation of the contractions used by physicians and druggists; the medical arrangement of the articles of the London pharmacopeia, with their doses, at one view; a similar list of the indigenous plants of the British islands, which are capable of being used in medicine, &c. ; and also a very copious index, English and Latin, of the various names by which the articles have been known at different periods. /  ",London :,"printed for Thomas and George Underwood,",1821,"Gray, Samuel Frederick,      1766 -1828",,English,Page 51
https://www.biodiversitylibrary.org/page/12450102,Monograph/Item,Synopsis der deutschen und schweizer Flora.    ,"Leipzig,","O. R. Reisland,",1892-1907,"Koch, Wilhelm Daniel Joseph,      1771 -1849",Bd.3,German,Page 2107
https://www.biodiversitylibrary.org/page/41488800,Monograph/Item,Text-book of structural and physiological botany /   ,New York :,"J. Wiley & sons,",1877,"Bennett, Alfred W.     (Alfred William), 1833 -1902",,English,Page 384
https://www.biodiversitylibrary.org/page/51848827,Serial,Transactions of the Worcester County Horticultural Society.  ,"Worcester, Mass.,",Worcester County Horticultural Society.,1988-1996,Worcester County Horticultural Society.       ,1988-1996,English,Page 41
https://www.biodiversitylibrary.org/page/51848890,Serial,Transactions of the Worcester County Horticultural Society.  ,"Worcester, Mass.,",Worcester County Horticultural Society.,1988-1996,Worcester County Horticultural Society.       ,1988-1996,English,Page 43
https://www.biodiversitylibrary.org/page/51848892,Serial,Transactions of the Worcester County Horticultural Society.  ,"Worcester, Mass.,",Worcester County Horticultural Society.,1988-1996,Worcester County Horticultural Society.       ,1988-1996,English,Page 45
https://www.biodiversitylibrary.org/page/38989967,Serial,United States National Arboretum contribution /  ,"[Washington, D.C.] :",The Service ;,1994,National Arboretum (U.S.)       ,no.7,English,Page 122
https://www.biodiversitylibrary.org/page/43148550,Monograph/Item,"The vegetable garden; illustrations, descriptions, and culture of the garden vegetables of cold and temperate climates,  ","New York,","E.P. Dutton and company,",1920,"Thomson, W. P.       ",,English,Page 346
https://www.biodiversitylibrary.org/page/20295197,Monograph/Item,"The vegetable garden; illustrations, descriptions, and culture of the garden vegetables of cold and temperate climates,  ","New York,","E.P. Dutton and company,",1920,"Robinson, W.     (William), 1838 -1935",,English,Page 346
https://www.biodiversitylibrary.org/page/54445866,Serial,Washington Park Arboretum bulletin.  ,"Seattle, Wash. :","Published by the Arboretum Foundation for the University of Washington,",1990,University of Washington.       ,v.53:no.4 (1990),English,Page 19
https://www.biodiversitylibrary.org/page/54465008,Serial,Washington Park Arboretum bulletin.  ,"Seattle, Wash. :","Published by the Arboretum Foundation for the University of Washington,",1997,University of Washington.       ,v.59:no.3 (1997),English,Page 22
https://www.biodiversitylibrary.org/page/54467752,Serial,Washington Park Arboretum bulletin.  ,"Seattle, Wash. :","Published by the Arboretum Foundation for the University of Washington,",1998,University of Washington.       ,v.60:no.2 (1998),English,Page 19
https://www.biodiversitylibrary.org/page/54452584,Serial,Washington Park Arboretum bulletin.  ,"Seattle, Wash. :","Published by the Arboretum Foundation for the University of Washington,",2000,University of Washington.       ,v.62:no.1&2 (2000),English,Page 12
https://www.biodiversitylibrary.org/page/45098130,Serial,Watsonia.  ,London [etc.],Botanical Society of the British Isles.,2008-2009,Botanical Society of the British Isles.       ,v.27 (2008-2009),English,Page 82
https://www.biodiversitylibrary.org/page/22233741,Monograph/Item,WÃ¶hler's Outlines of organic chemistry  ,"Philadelphia,","H.C. Lea,",1873,Making of America Project.       ,,English,Page 465
https://www.biodiversitylibrary.org/page/17580364,Monograph/Item,WÃ¶hler's Outlines of organic chemistry  ,"Philadelphia,","H.C. Lea,",1873,Making of America Project       ,,English,Page 465
https://www.biodiversitylibrary.org/page/36714619,,xian dai hua fen ying yong yan jiu  ,,ke xue chu ban she,1990,zhang jin tan wang ping li hao hai ping chen song bo       ,,Chinese,Page 67
https://www.biodiversitylibrary.org/page/36714630,,xian dai hua fen ying yong yan jiu  ,,ke xue chu ban she,1990,zhang jin tan wang ping li hao hai ping chen song bo       ,,Chinese,Page 78
https://www.biodiversitylibrary.org/page/36714631,,xian dai hua fen ying yong yan jiu  ,,ke xue chu ban she,1990,zhang jin tan wang ping li hao hai ping chen song bo       ,,Chinese,Page 79
https://www.biodiversitylibrary.org/page/36714697,,xian dai hua fen ying yong yan jiu  ,,ke xue chu ban she,1990,zhang jin tan wang ping li hao hai ping chen song bo       ,,Chinese,Page 145
https://www.biodiversitylibrary.org/page/30810247,Serial,Yearbook of agriculture.    ,Washington,U.S.  Govt. Print. Off.,1898,United States.  Dept. of Agriculture.     ,1898,English,Page 388
https://www.biodiversitylibrary.org/page/36667547,,yun nan zhi wu zhi  ,,ke xue chu ban she,1977,yun nan sheng zhi wu yan jiu suo       ,1,Chinese,Page 567
https://www.biodiversitylibrary.org/page/36667548,,yun nan zhi wu zhi  ,,ke xue chu ban she,1977,yun nan sheng zhi wu yan jiu suo       ,1,Chinese,Page 568
https://www.biodiversitylibrary.org/page/36667836,,yun nan zhi wu zhi  ,,ke xue chu ban she,1977,yun nan sheng zhi wu yan jiu suo       ,1,Chinese,Page 856
https://www.biodiversitylibrary.org/page/44848659,Monograph/Item,Yunnan zhong zi zhi wu ming lu /  ,Kunming Shi :,Yunnan ren min chu ban she :,1984,Zhongguo ke xue yuan.  Kunming zhi wu yan jiu suo.     ,xia ce,Chinese,Page 1736
https://www.biodiversitylibrary.org/page/36552177,,zhong guo zhong zi zhi wu ke shu ci dian  ,,ke xue chu ban she,1982,"Hou, Kuanzhao ä_¯å®_æ˜_       ",,Chinese,Page 267